id,vanilla_max,table_eligible,effect_mode
minecraft:sharpness,5,true,vanilla
minecraft:smite,5,true,vanilla
minecraft:bane_of_arthropods,5,true,vanilla
minecraft:impaling,5,true,vanilla
minecraft:power,5,true,vanilla
minecraft:density,5,true,vanilla
minecraft:fire_aspect,2,true,vanilla
minecraft:knockback,2,true,vanilla
minecraft:punch,2,true,vanilla
minecraft:piercing,4,true,vanilla
minecraft:sweeping_edge,3,true,vanilla
minecraft:looting,3,true,vanilla
minecraft:riptide,3,true,vanilla
minecraft:loyalty,3,true,vanilla
minecraft:wind_burst,3,false,vanilla
minecraft:efficiency,5,true,vanilla
minecraft:fortune,3,true,vanilla
minecraft:unbreaking,3,true,vanilla
minecraft:luck_of_the_sea,3,true,vanilla
minecraft:protection,4,true,vanilla
minecraft:fire_protection,4,true,vanilla
minecraft:blast_protection,4,true,vanilla
minecraft:projectile_protection,4,true,vanilla
minecraft:thorns,3,true,thorns
minecraft:respiration,3,true,vanilla
minecraft:frost_walker,2,false,vanilla
minecraft:soul_speed,3,false,vanilla
minecraft:mending,1,false,mending
